{
  "smig\\__init__.py": 1775706314.696614,
  "smig\\config\\schemas.py": 1776025504.4484084,
  "smig\\config\\utils.py": 1775810445.8871083,
  "smig\\config\\__init__.py": 1775706314.6971018,
  "smig\\provenance\\schema.py": 1775811281.465073,
  "smig\\provenance\\tracker.py": 1775811346.5124106,
  "smig\\provenance\\__init__.py": 1775706314.697683,
  "smig\\sensor\\charge_diffusion.py": 1776025942.4092193,
  "smig\\sensor\\detector.py": 1776025689.9899716,
  "smig\\sensor\\ipc.py": 1776025948.9691916,
  "smig\\sensor\\memory_profiler.py": 1775811364.1694038,
  "smig\\sensor\\nonlinearity.py": 1775813862.6720302,
  "smig\\sensor\\persistence.py": 1775782726.486795,
  "smig\\sensor\\readout.py": 1775814328.7068737,
  "smig\\sensor\\__init__.py": 1775810416.66077,
  "smig\\sensor\\calibration\\ipc_kernels.py": 1776025638.9885113,
  "smig\\sensor\\calibration\\__init__.py": 1775811356.0206192,
  "smig\\sensor\\noise\\correlated.py": 1775782738.4495778,
  "smig\\sensor\\noise\\cosmic_rays.py": 1775810129.8822317,
  "smig\\sensor\\noise\\__init__.py": 1775810420.6919696,
  "smig\\sensor\\validation\\test_config_utils.py": 1775811404.720327,
  "smig\\sensor\\validation\\test_integration.py": 1775810453.6035767,
  "smig\\sensor\\validation\\test_unit.py": 1776025824.7940624,
  "smig\\sensor\\validation\\__init__.py": 1775714729.8819025,
  "CLAUDE.md": 1775782803.098668,
  "graphify-out\\converted\\smig_v2_phase1_spec_d6fa7396.md": 1776040918.165526,
  "graphify-out\\converted\\smig_v2_phases2to6_spec_5787f657.md": 1776040918.3304405,
  "graphify-out\\GRAPH_REPORT.md": 1776041291.3118532
}