{
  "graphify-out\\converted\\smig_v2_phase1_spec_d6fa7396.md": 1775632863.578108,
  "graphify-out\\converted\\smig_v2_phases2to6_spec_5787f657.md": 1775632863.784468
}